vendor_id,name,hotline
1,"Kuvalis, Zemlak and Von",576-243-0009
2,Nicolas LLC,457-313-9440
3,Considine and Sons,534-922-8482
4,Bartell-Lowe,568-132-5225
5,Beer Inc,505-923-4481
6,Turcotte Inc,246-357-5046
7,"Hoppe, Huels and Sanford",506-123-3284
8,Haley-Marks,872-161-6035
9,"Rodriguez, Dickens and Schaden",228-711-1617
10,"O'Connell, Kihn and Hodkiewicz",702-681-5326
11,Hayes-Spencer,445-132-2855
12,"Halvorson, Adams and Kris",565-726-5601
13,Homenick-Shields,769-885-9040
14,Bashirian-Cronin,922-276-6628
15,"Hahn, Cassin and Bradtke",982-814-4066
16,"Dach, Tremblay and Morissette",442-181-6201
17,"Jacobs, Heathcote and Cassin",338-299-5893
18,Hirthe and Sons,293-907-3749
19,Flatley Inc,903-423-2923
20,Conroy-Leannon,415-386-9394
21,"Aufderhar, Bechtelar and Hammes",758-497-7261
22,Auer-Langosh,202-126-7021
23,Aufderhar-Collier,505-622-6912
24,Corkery Inc,448-701-5500
25,"Deckow, Ritchie and Abbott",273-849-6451
26,Parker Group,387-162-5313
27,Kohler-Jerde,651-136-7500
28,Fadel LLC,647-822-1254
29,Heidenreich Group,896-994-0564
30,Pfannerstill Inc,911-756-5605
31,McClure Inc,443-867-5553
32,"Zieme, Waters and Douglas",747-651-7671
33,Tromp-Runolfsdottir,735-461-9801
34,Stanton Group,457-243-7403
35,"Marks, Breitenberg and Skiles",900-466-8535
36,Ondricka Group,894-176-9360
37,"Larson, Bosco and Rutherford",351-486-4539
38,Jakubowski Group,526-978-3126
39,"Nolan, Fisher and Walker",551-272-3216
40,Jacobs LLC,378-225-5982
41,McClure and Sons,239-612-2073
42,Schuster-Conroy,103-557-0515
43,"Hilll, Kerluke and Abernathy",306-783-3507
44,"Cole, Nienow and Heathcote",776-529-8954
45,"Moen, Koepp and Berge",620-213-2451
46,Kessler-Mitchell,566-257-2103
47,"Homenick, Bode and Powlowski",303-251-8021
48,Koch-Beier,137-671-9835
49,Blanda-Rice,761-550-6118
50,"Schaden, Ledner and Lesch",800-935-7148
51,"Goldner, Berge and Jones",366-326-6727
52,Hoppe-Nienow,711-183-1678
53,Gorczany-Smitham,461-449-6138
54,Pagac-Fahey,816-427-6428
55,Kub LLC,839-394-6713
56,"Hane, Lowe and Nicolas",565-517-9669
57,"Ankunding, Cruickshank and Rodriguez",657-234-3864
58,Leuschke Inc,852-854-6396
59,"Green, Smith and Fritsch",507-814-9760
60,"Koch, Dooley and Fadel",162-277-4517
61,"Waelchi, Hoeger and Gutkowski",388-535-6522
62,Rempel LLC,492-509-6986
63,Hudson Inc,618-602-8034
64,"Kozey, Aufderhar and Hilpert",407-189-6772
65,Ledner LLC,523-619-8991
66,"Borer, Nicolas and Jaskolski",847-337-6214
67,"Kling, Hills and Kessler",483-205-2081
68,"Hills, Stamm and Donnelly",244-964-8124
69,Hagenes-Terry,637-318-8829
70,Huel-Abernathy,768-369-3473
71,Funk-Schulist,640-411-6753
72,Reichert and Sons,852-772-4602
73,Rolfson Inc,404-372-0240
74,Moen-Altenwerth,167-617-1875
75,Harber-Bahringer,938-306-6514
76,Beatty-Altenwerth,909-763-8458
77,Lockman-Mante,252-568-9148
78,Cronin Group,580-653-2596
79,"Bauch, Kassulke and Hilpert",698-963-2900
80,Wisozk-Crist,729-268-3556
81,"Adams, Little and McGlynn",142-281-5542
82,"Hartmann, Will and Dare",500-650-8086
83,Hoppe-Pfannerstill,549-791-2575
84,Reinger-Quigley,472-776-7047
85,Davis and Sons,489-109-1138
86,Schimmel and Sons,902-133-4138
87,"Wuckert, Koss and Howe",125-531-3731
88,Simonis LLC,817-907-3383
89,"Fisher, Rippin and Becker",933-666-4119
90,Herzog-Herzog,849-412-9685
91,Franecki-Dach,909-137-1124
92,Lakin-Effertz,591-657-7196
93,Larson LLC,966-323-8778
94,Dach Group,400-256-3497
95,Davis and Sons,778-483-3001
96,Larkin LLC,489-254-8615
97,"Ritchie, Reichert and Marvin",703-441-4294
98,"Harris, Hudson and Nienow",380-409-3395
99,"Connelly, Stoltenberg and Towne",276-631-6345
100,"Pacocha, Lynch and Ankunding",894-833-8248